{
	"model": "neural-weights-en-us",
	"model_version": "4.4.0",
	"method": "isotonic-regression (PAVA) over per-span softmax confidence",
	"created_from": "data/eval/calibration/confidences.jsonl",
	"n_total": 35695,
	"n_fit": 28556,
	"n_eval": 7139,
	"bins": 20,
	"ece_bins": 15,
	"metrics": {
		"ece_raw_eval": 0.06431506765913056,
		"ece_cal_eval": 0.003415896407682653,
		"mce_raw_eval": 0.33033629635186396,
		"mce_cal_eval": 0.1338112305854241,
		"mce_raw_eval_allbins": 0.8118402532145332,
		"mce_cal_eval_allbins": 0.4011470985155196,
		"brier_raw_eval": 0.027811398349898837,
		"brier_cal_eval": 0.022366431838162906,
		"ece_raw_oa_eval": 0.059295714146504634,
		"ece_cal_oa_eval": 0.011323554243455733,
		"ece_raw_corpus_eval": 0.06816580084186291,
		"ece_cal_corpus_eval": 0.005120190441783308
	},
	"per_tag_ece": {
		"house_number": {
			"n": 768,
			"acc": 0.9114583333333334,
			"ece_raw": 0.021623994695792473,
			"ece_cal": 0.05516310147292989
		},
		"locality": {
			"n": 1618,
			"acc": 0.9740420271940667,
			"ece_raw": 0.052619511179703,
			"ece_cal": 0.022012510332621943
		},
		"postcode": {
			"n": 1582,
			"acc": 0.9753476611883691,
			"ece_raw": 0.09190691545702091,
			"ece_cal": 0.024792021975704036
		},
		"region": {
			"n": 1219,
			"acc": 0.9934372436423298,
			"ece_raw": 0.07331564652775066,
			"ece_cal": 0.013805378199379948
		},
		"street": {
			"n": 792,
			"acc": 0.9911616161616161,
			"ece_raw": 0.09797037167463903,
			"ece_cal": 0.030648573361070155
		},
		"street_suffix": {
			"n": 591,
			"acc": 1.0,
			"ece_raw": 0.07033613433052652,
			"ece_cal": 0.01670443939541945
		},
		"venue": {
			"n": 411,
			"acc": 0.9805352798053528,
			"ece_raw": 0.08382185553725927,
			"ece_cal": 0.021842368884508426
		}
	},
	"per_locale_ece": {
		"DE": {
			"n": 189,
			"acc": 0.8518518518518519,
			"ece_raw": 0.1275896318293681,
			"ece_cal": 0.1316715647193295
		},
		"FR": {
			"n": 803,
			"acc": 0.9676214196762142,
			"ece_raw": 0.07341076215996195,
			"ece_cal": 0.026519907657489017
		},
		"NL": {
			"n": 188,
			"acc": 0.9787234042553191,
			"ece_raw": 0.15200195390191337,
			"ece_cal": 0.0882728022228478
		},
		"US": {
			"n": 5959,
			"acc": 0.9798623930189629,
			"ece_raw": 0.06712042908545632,
			"ece_cal": 0.007861462224342312
		}
	},
	"abstention_curve": [
		{
			"threshold": 0.5,
			"coverage": 0.9985992435915394,
			"precision": 0.975873193996353,
			"reviewed": 0.0014007564084606017
		},
		{
			"threshold": 0.8,
			"coverage": 0.9906149320633142,
			"precision": 0.9777997737556561,
			"reviewed": 0.00938506793668581
		},
		{
			"threshold": 0.9,
			"coverage": 0.9268805154783584,
			"precision": 0.9856430406528638,
			"reviewed": 0.07311948452164163
		},
		{
			"threshold": 0.95,
			"coverage": 0.8638464770976327,
			"precision": 0.9881628020107022,
			"reviewed": 0.13615352290236726
		},
		{
			"threshold": 0.97,
			"coverage": 0.8160806835691273,
			"precision": 0.9891864057672503,
			"reviewed": 0.18391931643087267
		}
	],
	"table": [
		{
			"lo": 0.0,
			"hi": 0.05,
			"center": 0.025,
			"calibrated": 0.47457703755355996
		},
		{
			"lo": 0.05,
			"hi": 0.1,
			"center": 0.07500000000000001,
			"calibrated": 0.48717948717948717
		},
		{
			"lo": 0.1,
			"hi": 0.15000000000000002,
			"center": 0.125,
			"calibrated": 0.48717948717948717
		},
		{
			"lo": 0.15000000000000002,
			"hi": 0.2,
			"center": 0.17500000000000002,
			"calibrated": 0.48717948717948717
		},
		{
			"lo": 0.2,
			"hi": 0.25,
			"center": 0.225,
			"calibrated": 0.48717948717948717
		},
		{
			"lo": 0.25,
			"hi": 0.30000000000000004,
			"center": 0.275,
			"calibrated": 0.48961251975015035
		},
		{
			"lo": 0.30000000000000004,
			"hi": 0.35000000000000003,
			"center": 0.32500000000000007,
			"calibrated": 0.5263157894736842
		},
		{
			"lo": 0.35000000000000003,
			"hi": 0.4,
			"center": 0.375,
			"calibrated": 0.6666666666666666
		},
		{
			"lo": 0.4,
			"hi": 0.45,
			"center": 0.42500000000000004,
			"calibrated": 0.7311827956989247
		},
		{
			"lo": 0.45,
			"hi": 0.5,
			"center": 0.475,
			"calibrated": 0.7380952380952381
		},
		{
			"lo": 0.5,
			"hi": 0.55,
			"center": 0.525,
			"calibrated": 0.8
		},
		{
			"lo": 0.55,
			"hi": 0.6000000000000001,
			"center": 0.5750000000000001,
			"calibrated": 0.8537005163511188
		},
		{
			"lo": 0.6000000000000001,
			"hi": 0.65,
			"center": 0.625,
			"calibrated": 0.8537005163511188
		},
		{
			"lo": 0.65,
			"hi": 0.7000000000000001,
			"center": 0.675,
			"calibrated": 0.8537005163511188
		},
		{
			"lo": 0.7000000000000001,
			"hi": 0.75,
			"center": 0.7250000000000001,
			"calibrated": 0.8537005163511188
		},
		{
			"lo": 0.75,
			"hi": 0.8,
			"center": 0.775,
			"calibrated": 0.8537005163511188
		},
		{
			"lo": 0.8,
			"hi": 0.8500000000000001,
			"center": 0.8250000000000001,
			"calibrated": 0.8537005163511188
		},
		{
			"lo": 0.8500000000000001,
			"hi": 0.9,
			"center": 0.875,
			"calibrated": 0.9376443418013857
		},
		{
			"lo": 0.9,
			"hi": 0.9500000000000001,
			"center": 0.925,
			"calibrated": 0.9918261280415781
		},
		{
			"lo": 0.9500000000000001,
			"hi": 1.0,
			"center": 0.9750000000000001,
			"calibrated": 0.9918261280415781
		}
	]
}
