{
  "model": "neural-weights-en-us",
  "model_version": "4.0.0",
  "method": "isotonic-regression (PAVA) over per-span softmax confidence",
  "created_from": "data/eval/calibration/confidences.jsonl",
  "n_total": 32553,
  "n_fit": 26043,
  "n_eval": 6510,
  "bins": 20,
  "ece_bins": 15,
  "metrics": {
    "ece_raw_eval": 0.06733768396482998,
    "ece_cal_eval": 0.003516504997239885,
    "mce_raw_eval": 0.289115488729766,
    "mce_cal_eval": 0.18286826492482933,
    "mce_raw_eval_allbins": 0.8454483055409481,
    "mce_cal_eval_allbins": 0.953985808965804,
    "brier_raw_eval": 0.033950582453368766,
    "brier_cal_eval": 0.027009249299634375,
    "ece_raw_oa_eval": 0.07058600158908206,
    "ece_cal_oa_eval": 0.006727186537647182,
    "ece_raw_corpus_eval": 0.06592097892553006,
    "ece_cal_corpus_eval": 0.006108435118670848
  },
  "per_tag_ece": {
    "house_number": {
      "n": 783,
      "acc": 0.8876117496807152,
      "ece_raw": 0.032203530366151964,
      "ece_cal": 0.08212837028751453
    },
    "locality": {
      "n": 1668,
      "acc": 0.9724220623501199,
      "ece_raw": 0.07590628618691278,
      "ece_cal": 0.008323214057649167
    },
    "postcode": {
      "n": 1547,
      "acc": 0.9993535875888817,
      "ece_raw": 0.08926967886821484,
      "ece_cal": 0.022650235312503323
    },
    "region": {
      "n": 1219,
      "acc": 0.9975389663658737,
      "ece_raw": 0.06392376399526842,
      "ece_cal": 0.018509232370423873
    },
    "street": {
      "n": 817,
      "acc": 0.9645042839657283,
      "ece_raw": 0.06236517084448636,
      "ece_cal": 0.017999489099532674
    },
    "venue": {
      "n": 434,
      "acc": 0.9308755760368663,
      "ece_raw": 0.11384168006361704,
      "ece_cal": 0.0429750111796866
    }
  },
  "per_locale_ece": {
    "DE": {
      "n": 195,
      "acc": 0.8871794871794871,
      "ece_raw": 0.11113936337159339,
      "ece_cal": 0.09729335740608726
    },
    "FR": {
      "n": 803,
      "acc": 0.9663760896637609,
      "ece_raw": 0.05943714249530754,
      "ece_cal": 0.016894667938069707
    },
    "NL": {
      "n": 192,
      "acc": 0.9947916666666666,
      "ece_raw": 0.17864070987172176,
      "ece_cal": 0.046454384545716376
    },
    "US": {
      "n": 5320,
      "acc": 0.9719924812030075,
      "ece_raw": 0.06844507512699036,
      "ece_cal": 0.006977205495182824
    }
  },
  "abstention_curve": [
    {
      "threshold": 0.5,
      "coverage": 0.9940092165898617,
      "precision": 0.9720290526966465,
      "reviewed": 0.005990783410138256
    },
    {
      "threshold": 0.8,
      "coverage": 0.9824884792626728,
      "precision": 0.9763914946841776,
      "reviewed": 0.017511520737327202
    },
    {
      "threshold": 0.9,
      "coverage": 0.9646697388632872,
      "precision": 0.9781847133757962,
      "reviewed": 0.03533026113671278
    },
    {
      "threshold": 0.95,
      "coverage": 0.9419354838709677,
      "precision": 0.9796151337247228,
      "reviewed": 0.058064516129032295
    },
    {
      "threshold": 0.97,
      "coverage": 0.7308755760368664,
      "precision": 0.9844472467423288,
      "reviewed": 0.26912442396313363
    }
  ],
  "table": [
    {
      "lo": 0.0,
      "hi": 0.05,
      "center": 0.025,
      "calibrated": 0.0
    },
    {
      "lo": 0.05,
      "hi": 0.1,
      "center": 0.07500000000000001,
      "calibrated": 0.0
    },
    {
      "lo": 0.1,
      "hi": 0.15000000000000002,
      "center": 0.125,
      "calibrated": 0.0
    },
    {
      "lo": 0.15000000000000002,
      "hi": 0.2,
      "center": 0.17500000000000002,
      "calibrated": 0.21099134690621654
    },
    {
      "lo": 0.2,
      "hi": 0.25,
      "center": 0.225,
      "calibrated": 0.34782608695652173
    },
    {
      "lo": 0.25,
      "hi": 0.30000000000000004,
      "center": 0.275,
      "calibrated": 0.34782608695652173
    },
    {
      "lo": 0.30000000000000004,
      "hi": 0.35000000000000003,
      "center": 0.32500000000000007,
      "calibrated": 0.425
    },
    {
      "lo": 0.35000000000000003,
      "hi": 0.4,
      "center": 0.375,
      "calibrated": 0.425531914893617
    },
    {
      "lo": 0.4,
      "hi": 0.45,
      "center": 0.42500000000000004,
      "calibrated": 0.5208333333333334
    },
    {
      "lo": 0.45,
      "hi": 0.5,
      "center": 0.475,
      "calibrated": 0.7380952380952381
    },
    {
      "lo": 0.5,
      "hi": 0.55,
      "center": 0.525,
      "calibrated": 0.7761194029850746
    },
    {
      "lo": 0.55,
      "hi": 0.6000000000000001,
      "center": 0.5750000000000001,
      "calibrated": 0.84
    },
    {
      "lo": 0.6000000000000001,
      "hi": 0.65,
      "center": 0.625,
      "calibrated": 0.8511627906976744
    },
    {
      "lo": 0.65,
      "hi": 0.7000000000000001,
      "center": 0.675,
      "calibrated": 0.9238095238095239
    },
    {
      "lo": 0.7000000000000001,
      "hi": 0.75,
      "center": 0.7250000000000001,
      "calibrated": 0.9246323529411765
    },
    {
      "lo": 0.75,
      "hi": 0.8,
      "center": 0.775,
      "calibrated": 0.9568
    },
    {
      "lo": 0.8,
      "hi": 0.8500000000000001,
      "center": 0.8250000000000001,
      "calibrated": 0.9625668449197861
    },
    {
      "lo": 0.8500000000000001,
      "hi": 0.9,
      "center": 0.875,
      "calibrated": 0.9693251533742331
    },
    {
      "lo": 0.9,
      "hi": 0.9500000000000001,
      "center": 0.925,
      "calibrated": 0.9826212889210717
    },
    {
      "lo": 0.9500000000000001,
      "hi": 1.0,
      "center": 0.9750000000000001,
      "calibrated": 0.9856649395509499
    }
  ]
}
