{
	"classes": [
		"US",
		"FR",
		"GB",
		"CN",
		"NL",
		"IT",
		"DE",
		"JP",
		"ES",
		"KR",
		"TW",
		"AT",
		"BE",
		"CH",
		"CZ",
		"DK",
		"EE",
		"FI",
		"HR",
		"LT",
		"LU",
		"LV",
		"NO",
		"PL",
		"PT",
		"SI",
		"SK",
		"OTHER"
	],
	"featureDim": 65536,
	"temperature": 1.0999999999999999,
	"bias": [
		0.5149926543235779, 1.182782530784607, 2.277251720428467, 3.0040149688720703, 2.355987787246704, 3.9620466232299805,
		4.563498020172119, 3.9836227893829346, 4.3567938804626465, 3.7608766555786133, 3.7847681045532227,
		-3.514108419418335, -2.3525495529174805, -2.878309965133667, -2.5142159461975098, -2.3019847869873047,
		-1.8154473304748535, -2.0283217430114746, -3.0203018188476562, -1.8558449745178223, -2.4871230125427246,
		-1.89923894405365, -2.485675811767578, -2.315891742706299, -1.9914696216583252, -2.581594467163086,
		-2.199978828430176, 5.86137580871582
	],
	"trainedAt": null,
	"trainRows": 1222827,
	"quantization": "int8-per-row",
	"scales": [
		0.016900366685521886, 0.02065565830140602, 0.016880705600648416, 0.03247163802619994, 0.02531732912138691,
		0.027781313798558995, 0.026568977851567307, 0.029552078622532642, 0.02139416642076387, 0.02438422638600267,
		0.038134661246472454, 0.02511901930561216, 0.018567708533579908, 0.030171796092836874, 0.022759925662063238,
		0.02542605550270381, 0.010641275428411529, 0.018485461633036455, 0.022013600417009487, 0.015954464439332017,
		0.019536881934939406, 0.011726488278606746, 0.020644411327332024, 0.019279600128414124, 0.04009470977182463,
		0.022812263233455147, 0.02604807080246332, 0.046184231915811856
	]
}
