{
  "classes": [
    "US",
    "FR",
    "GB",
    "CN",
    "NL",
    "IT",
    "DE",
    "JP",
    "ES",
    "KR",
    "TW",
    "OTHER"
  ],
  "featureDim": 65536,
  "temperature": 1.2,
  "bias": [
    -2.534797191619873,
    -2.1968510150909424,
    -1.1691420078277588,
    -0.1516338437795639,
    -1.0911738872528076,
    0.4597792327404022,
    1.1227235794067383,
    0.8241579532623291,
    1.009660005569458,
    0.47969329357147217,
    0.34428685903549194,
    3.046959161758423
  ],
  "trainedAt": null,
  "trainRows": 612888,
  "quantization": "int8-per-row",
  "scales": [
    0.01638676988796925,
    0.018822564853457954,
    0.024230125382190614,
    0.0221641082463302,
    0.04191271714338168,
    0.019635750552800698,
    0.022043046050184353,
    0.02781985688397265,
    0.02106240227466493,
    0.022867627031221166,
    0.029368993804210753,
    0.04316849220456101
  ]
}