{
	"classes": [
		"US",
		"FR",
		"GB",
		"CN",
		"NL",
		"IT",
		"DE",
		"JP",
		"ES",
		"KR",
		"TW",
		"AT",
		"BE",
		"CH",
		"CZ",
		"DK",
		"EE",
		"FI",
		"HR",
		"LT",
		"LU",
		"LV",
		"NO",
		"PL",
		"PT",
		"SI",
		"SK",
		"AU",
		"OTHER"
	],
	"featureDim": 65536,
	"temperature": 0.9999999999999999,
	"bias": [
		1.1083664894104004, 1.5417264699935913, 2.374572515487671, 3.4197802543640137, 2.581068277359009, 4.685410022735596,
		4.952539920806885, 4.752946376800537, 4.703343868255615, 4.196375370025635, 3.9458730220794678, -2.819617986679077,
		-2.0799601078033447, -2.3868765830993652, -2.138701915740967, -2.0329370498657227, -1.653273582458496,
		-1.7960816621780396, -2.4737353324890137, -1.7042614221572876, -2.177440881729126, -1.74462890625,
		-2.1708569526672363, -2.053682327270508, -1.8004647493362427, -2.2061567306518555, -1.993561863899231,
		-2.053590774536133, -1.861719012260437
	],
	"trainedAt": null,
	"trainRows": 1165072,
	"quantization": "int8-per-row",
	"scales": [
		0.018327746804304948, 0.019282954884326364, 0.013594035088546633, 0.030714001242570052, 0.023956929604838213,
		0.03142200304767278, 0.026518902440709393, 0.028147554773045338, 0.026320436808067983, 0.023299566404087337,
		0.039027371744471274, 0.02557440630094273, 0.019286073098971148, 0.032786403115340104, 0.022132946750310464,
		0.024303404364998886, 0.011281697768864668, 0.019334462683970533, 0.02284903789129783, 0.015517400944326807,
		0.021961613902895468, 0.011643706344244048, 0.021406631770096426, 0.0186777678061658, 0.0402962316678265,
		0.02250133912394366, 0.0267241752053809, 0.012681854991462287, 0.005992364226363775
	]
}
