{
	"model": "neural-weights-en-us",
	"model_version": "4.13.0",
	"method": "isotonic-regression (PAVA) over per-span softmax confidence",
	"created_from": "data/eval/calibration/confidences-v413.jsonl",
	"n_total": 13457,
	"n_fit": 10766,
	"n_eval": 2691,
	"bins": 20,
	"ece_bins": 15,
	"metrics": {
		"ece_raw_eval": 0.06029901471886912,
		"ece_cal_eval": 0.005544698789170681,
		"mce_raw_eval": 0.22821355739022853,
		"mce_cal_eval": 0.036655484108742864,
		"mce_raw_eval_allbins": 0.7814575634642543,
		"mce_cal_eval_allbins": 0.6666666666666667,
		"brier_raw_eval": 0.028470218500975978,
		"brier_cal_eval": 0.023577740980550897,
		"ece_raw_oa_eval": 0.05597836419388412,
		"ece_cal_oa_eval": 0.019335527504590146,
		"ece_raw_corpus_eval": 0.06545452767211968,
		"ece_cal_corpus_eval": 0.009526540018422396
	},
	"per_tag_ece": {
		"house_number": {
			"n": 280,
			"acc": 0.875,
			"ece_raw": 0.05509278685445104,
			"ece_cal": 0.08537893025462967
		},
		"locality": {
			"n": 576,
			"acc": 0.9583333333333334,
			"ece_raw": 0.03092615798253389,
			"ece_cal": 0.031805913635991084
		},
		"postcode": {
			"n": 604,
			"acc": 0.9867549668874173,
			"ece_raw": 0.07691422404152229,
			"ece_cal": 0.016352860427164693
		},
		"region": {
			"n": 451,
			"acc": 1.0,
			"ece_raw": 0.07172181725109478,
			"ece_cal": 0.013513702387324952
		},
		"street": {
			"n": 323,
			"acc": 0.9938080495356038,
			"ece_raw": 0.09485080545096047,
			"ece_cal": 0.027034708166829614
		},
		"street_suffix": {
			"n": 247,
			"acc": 1.0,
			"ece_raw": 0.09025051456111624,
			"ece_cal": 0.02655534057400275
		},
		"venue": {
			"n": 141,
			"acc": 0.9929078014184397,
			"ece_raw": 0.09150430770890858,
			"ece_cal": 0.02300676691383495
		}
	},
	"per_locale_ece": {
		"FR": {
			"n": 299,
			"acc": 0.9765886287625418,
			"ece_raw": 0.07321595575448211,
			"ece_cal": 0.008181949744243805
		},
		"US": {
			"n": 2239,
			"acc": 0.9785618579723091,
			"ece_raw": 0.06228530930926101,
			"ece_cal": 0.010679199458733597
		}
	},
	"abstention_curve": [
		{
			"threshold": 0.5,
			"coverage": 0.9996283909327388,
			"precision": 0.9739776951672863,
			"reviewed": 0.0003716090672611916
		},
		{
			"threshold": 0.8,
			"coverage": 0.989223337049424,
			"precision": 0.976709241172051,
			"reviewed": 0.010776662950576
		},
		{
			"threshold": 0.9,
			"coverage": 0.967670011148272,
			"precision": 0.9796466973886329,
			"reviewed": 0.032329988851728
		},
		{
			"threshold": 0.95,
			"coverage": 0.8725380899293943,
			"precision": 0.9885008517887564,
			"reviewed": 0.1274619100706057
		},
		{
			"threshold": 0.97,
			"coverage": 0.8450390189520625,
			"precision": 0.9890061565523307,
			"reviewed": 0.15496098104793754
		}
	],
	"reliability_raw": [
		{
			"lo": 0.0,
			"hi": 0.06666666666666667,
			"n": 0,
			"conf": null,
			"acc": null
		},
		{
			"lo": 0.06666666666666667,
			"hi": 0.13333333333333333,
			"n": 0,
			"conf": null,
			"acc": null
		},
		{
			"lo": 0.13333333333333333,
			"hi": 0.2,
			"n": 0,
			"conf": null,
			"acc": null
		},
		{
			"lo": 0.2,
			"hi": 0.26666666666666666,
			"n": 1,
			"conf": 0.21854243653574568,
			"acc": 1.0
		},
		{
			"lo": 0.26666666666666666,
			"hi": 0.3333333333333333,
			"n": 1,
			"conf": 0.3069032897649658,
			"acc": 0.0
		},
		{
			"lo": 0.3333333333333333,
			"hi": 0.4,
			"n": 2,
			"conf": 0.3887903817503637,
			"acc": 0.0
		},
		{
			"lo": 0.4,
			"hi": 0.4666666666666667,
			"n": 4,
			"conf": 0.4441922469561045,
			"acc": 0.75
		},
		{
			"lo": 0.4666666666666667,
			"hi": 0.5333333333333333,
			"n": 15,
			"conf": 0.5044011299509948,
			"acc": 0.8666666666666667
		},
		{
			"lo": 0.5333333333333333,
			"hi": 0.6,
			"n": 14,
			"conf": 0.5634148099371796,
			"acc": 0.6428571428571429
		},
		{
			"lo": 0.6,
			"hi": 0.6666666666666666,
			"n": 22,
			"conf": 0.6354228062461351,
			"acc": 0.8636363636363636
		},
		{
			"lo": 0.6666666666666666,
			"hi": 0.7333333333333333,
			"n": 25,
			"conf": 0.7012611737412813,
			"acc": 0.92
		},
		{
			"lo": 0.7333333333333333,
			"hi": 0.8,
			"n": 54,
			"conf": 0.7717951224448251,
			"acc": 0.9074074074074074
		},
		{
			"lo": 0.8,
			"hi": 0.8666666666666667,
			"n": 113,
			"conf": 0.8392579055758018,
			"acc": 0.8761061946902655
		},
		{
			"lo": 0.8666666666666667,
			"hi": 0.9333333333333333,
			"n": 1296,
			"conf": 0.9161931717918792,
			"acc": 0.9868827160493827
		},
		{
			"lo": 0.9333333333333333,
			"hi": 1.0,
			"n": 1144,
			"conf": 0.9501402430653275,
			"acc": 0.9842657342657343
		}
	],
	"reliability_cal": [
		{
			"lo": 0.0,
			"hi": 0.06666666666666667,
			"n": 0,
			"conf": null,
			"acc": null
		},
		{
			"lo": 0.06666666666666667,
			"hi": 0.13333333333333333,
			"n": 0,
			"conf": null,
			"acc": null
		},
		{
			"lo": 0.13333333333333333,
			"hi": 0.2,
			"n": 0,
			"conf": null,
			"acc": null
		},
		{
			"lo": 0.2,
			"hi": 0.26666666666666666,
			"n": 0,
			"conf": null,
			"acc": null
		},
		{
			"lo": 0.26666666666666666,
			"hi": 0.3333333333333333,
			"n": 0,
			"conf": null,
			"acc": null
		},
		{
			"lo": 0.3333333333333333,
			"hi": 0.4,
			"n": 1,
			"conf": 0.3333333333333333,
			"acc": 1.0
		},
		{
			"lo": 0.4,
			"hi": 0.4666666666666667,
			"n": 0,
			"conf": null,
			"acc": null
		},
		{
			"lo": 0.4666666666666667,
			"hi": 0.5333333333333333,
			"n": 1,
			"conf": 0.5,
			"acc": 0.0
		},
		{
			"lo": 0.5333333333333333,
			"hi": 0.6,
			"n": 0,
			"conf": null,
			"acc": null
		},
		{
			"lo": 0.6,
			"hi": 0.6666666666666666,
			"n": 0,
			"conf": null,
			"acc": null
		},
		{
			"lo": 0.6666666666666666,
			"hi": 0.7333333333333333,
			"n": 6,
			"conf": 0.7027027027027027,
			"acc": 0.5
		},
		{
			"lo": 0.7333333333333333,
			"hi": 0.8,
			"n": 21,
			"conf": 0.7941176470588237,
			"acc": 0.8095238095238095
		},
		{
			"lo": 0.8,
			"hi": 0.8666666666666667,
			"n": 40,
			"conf": 0.8616554841087428,
			"acc": 0.825
		},
		{
			"lo": 0.8666666666666667,
			"hi": 0.9333333333333333,
			"n": 259,
			"conf": 0.9150005696455284,
			"acc": 0.8918918918918919
		},
		{
			"lo": 0.9333333333333333,
			"hi": 1.0,
			"n": 2363,
			"conf": 0.9905895070861063,
			"acc": 0.988573846804909
		}
	],
	"table": [
		{
			"lo": 0.0,
			"hi": 0.05,
			"center": 0.025,
			"calibrated": 0.0
		},
		{
			"lo": 0.05,
			"hi": 0.1,
			"center": 0.07500000000000001,
			"calibrated": 0.0
		},
		{
			"lo": 0.1,
			"hi": 0.15000000000000002,
			"center": 0.125,
			"calibrated": 0.0
		},
		{
			"lo": 0.15000000000000002,
			"hi": 0.2,
			"center": 0.17500000000000002,
			"calibrated": 0.3333333333333333
		},
		{
			"lo": 0.2,
			"hi": 0.25,
			"center": 0.225,
			"calibrated": 0.5
		},
		{
			"lo": 0.25,
			"hi": 0.30000000000000004,
			"center": 0.275,
			"calibrated": 0.5
		},
		{
			"lo": 0.30000000000000004,
			"hi": 0.35000000000000003,
			"center": 0.32500000000000007,
			"calibrated": 0.5
		},
		{
			"lo": 0.35000000000000003,
			"hi": 0.4,
			"center": 0.375,
			"calibrated": 0.7027027027027027
		},
		{
			"lo": 0.4,
			"hi": 0.45,
			"center": 0.42500000000000004,
			"calibrated": 0.7027027027027027
		},
		{
			"lo": 0.45,
			"hi": 0.5,
			"center": 0.475,
			"calibrated": 0.7083753763023031
		},
		{
			"lo": 0.5,
			"hi": 0.55,
			"center": 0.525,
			"calibrated": 0.7941176470588235
		},
		{
			"lo": 0.55,
			"hi": 0.6000000000000001,
			"center": 0.5750000000000001,
			"calibrated": 0.8623853211009175
		},
		{
			"lo": 0.6000000000000001,
			"hi": 0.65,
			"center": 0.625,
			"calibrated": 0.8623853211009175
		},
		{
			"lo": 0.65,
			"hi": 0.7000000000000001,
			"center": 0.675,
			"calibrated": 0.8623853211009175
		},
		{
			"lo": 0.7000000000000001,
			"hi": 0.75,
			"center": 0.7250000000000001,
			"calibrated": 0.8769230769230769
		},
		{
			"lo": 0.75,
			"hi": 0.8,
			"center": 0.775,
			"calibrated": 0.917864476386037
		},
		{
			"lo": 0.8,
			"hi": 0.8500000000000001,
			"center": 0.8250000000000001,
			"calibrated": 0.917864476386037
		},
		{
			"lo": 0.8500000000000001,