{
  "eval": "data/eval/external/openaddresses-es-sample.jsonl",
  "n": 400,
  "argmax": {
    "localityMatch": 0.84,
    "regionMatch": 0,
    "latP50": 13.678260000000591,
    "latP99": 46.21101699999963
  },
  "joint": {
    "localityMatch": 0.9425,
    "regionMatch": 0.0025,
    "latP50": 13.881679000000076,
    "latP99": 42.553084000000126
  },
  "regressionRate": 0.0275,
  "improvementRate": 0.1325,
  "accuracyDeltaPp": 5.25,
  "latencyP99Multiplier": 0.9208428371096111
}