{
  "eval": "data/eval/external/openaddresses-es-sample.jsonl",
  "n": 400,
  "argmax": {
    "localityMatch": 0.84,
    "regionMatch": 0,
    "latP50": 11.307769000000008,
    "latP99": 52.01310400000011
  },
  "joint": {
    "localityMatch": 0.99,
    "regionMatch": 0.0025,
    "latP50": 11.43289300000015,
    "latP99": 28.47375000000011
  },
  "regressionRate": 0.0025,
  "improvementRate": 0.155,
  "accuracyDeltaPp": 7.625,
  "latencyP99Multiplier": 0.5474341619757984
}