{
	"eval": "data/eval/external/openaddresses-nl-sample.jsonl",
	"n": 400,
	"argmax": {
		"localityMatch": 0.995,
		"regionMatch": 0.0025,
		"latP50": 10.554662999999891,
		"latP99": 27.797346999999718
	},
	"joint": {
		"localityMatch": 1,
		"regionMatch": 0,
		"latP50": 10.184481000000233,
		"latP99": 30.227053999999953
	},
	"regressionRate": 0.0025,
	"improvementRate": 0.005,
	"accuracyDeltaPp": 0.125,
	"latencyP99Multiplier": 1.0874078738521435
}
